30;1;Fruits & Légumes;2;0;Vos courses zéro déchets en ligne - Produit locaux, bio ou raisonnés - le tout dans des contenants consignés.;Fruits & Légumes;Vente de produit alimentaire dans des bocaux consignés et accessoires zéro déchet à Mulhouse en Drive - Alsace - M2A;https//bocodrive.fr/images/produits/fruits-et-legumes/fruits-et-legumes.jpg
40;1;Épicerie Salée;2;0;Vos courses zéro déchets en ligne - Produit locaux, bio ou raisonnés - le tout dans des contenants consignés.;Épicerie Salée;Vente de produit alimentaire dans des bocaux consignés et accessoires zéro déchet à Mulhouse en Drive - Alsace - M2A;https//bocodrive.fr/images/epices-en-bocaux.jpg
41;1;Pâtes & Riz;40;0;Vos courses zéro déchets en ligne - Produit locaux, bio ou raisonnés - le tout dans des contenants consignés.;Pâtes & Riz;Vente de produit alimentaire dans des bocaux consignés et accessoires zéro déchet à Mulhouse en Drive - Alsace - M2A;https//bocodrive.fr/images/epices-en-bocaux.jpg
42;1;Céréales & Légumineuses;40;0;Vos courses zéro déchets en ligne - Produit locaux, bio ou raisonnés - le tout dans des contenants consignés.;Céréales & Légumineuses;Vente de produit alimentaire dans des bocaux consignés et accessoires zéro déchet à Mulhouse en Drive - Alsace - M2A;https//bocodrive.fr/images/epices-en-bocaux.jpg
43;1;Sauces & Coulis;40;0;Vos courses zéro déchets en ligne - Produit locaux, bio ou raisonnés - le tout dans des contenants consignés.;Sauces & Coulis;Vente de produit alimentaire dans des bocaux consignés et accessoires zéro déchet à Mulhouse en Drive - Alsace - M2A;https//bocodrive.fr/images/epices-en-bocaux.jpg
44;1;Conserves, Soupes & Plats Cuisinés;40;0;Vos courses zéro déchets en ligne - Produit locaux, bio ou raisonnés - le tout dans des contenants consignés.;Conserves, Soupes & Plats Cuisinés;Vente de produit alimentaire dans des bocaux consignés et accessoires zéro déchet à Mulhouse en Drive - Alsace - M2A;https//bocodrive.fr/images/epices-en-bocaux.jpg
45;1;Huiles, Vinaigres & Condiments;40;0;Vos courses zéro déchets en ligne - Produit locaux, bio ou raisonnés - le tout dans des contenants consignés.;Huiles, Vinaigres & Condiments;Vente de produit alimentaire dans des bocaux consignés et accessoires zéro déchet à Mulhouse en Drive - Alsace - M2A;https//bocodrive.fr/images/epices-en-bocaux.jpg
46;1;Épices & Aromates;40;0;Vos courses zéro déchets en ligne - Produit locaux, bio ou raisonnés - le tout dans des contenants consignés.;Épices & Aromates;Vente de produit alimentaire dans des bocaux consignés et accessoires zéro déchet à Mulhouse en Drive - Alsace - M2A;https//bocodrive.fr/images/epices-en-bocaux.jpg
47;1;Graines & Oléagineux;40;0;Vos courses zéro déchets en ligne - Produit locaux, bio ou raisonnés - le tout dans des contenants consignés.;Graines & Oléagineux;Vente de produit alimentaire dans des bocaux consignés et accessoires zéro déchet à Mulhouse en Drive - Alsace - M2A;https//bocodrive.fr/images/epices-en-bocaux.jpg
48;1;Apéritifs;40;0;Vos courses zéro déchets en ligne - Produit locaux, bio ou raisonnés - le tout dans des contenants consignés.;Apéritifs;Vente de produit alimentaire dans des bocaux consignés et accessoires zéro déchet à Mulhouse en Drive - Alsace - M2A;https//bocodrive.fr/images/epices-en-bocaux.jpg
50;1;Épicerie Sucrée;2;0;Vos courses zéro déchets en ligne - Produit locaux, bio ou raisonnés - le tout dans des contenants consignés.;Épicerie Sucrée;Vente de produit alimentaire dans des bocaux consignés et accessoires zéro déchet à Mulhouse en Drive - Alsace - M2A;https//bocodrive.fr/images/epices-en-bocaux.jpg
51;1;Céréales Petit-Déjeuner;50;0;Vos courses zéro déchets en ligne - Produit locaux, bio ou raisonnés - le tout dans des contenants consignés.;Céréales Petit-Déjeuner;Vente de produit alimentaire dans des bocaux consignés et accessoires zéro déchet à Mulhouse en Drive - Alsace - M2A;https//bocodrive.fr/images/epices-en-bocaux.jpg
52;1;À Tartiner;50;0;Vos courses zéro déchets en ligne - Produit locaux, bio ou raisonnés - le tout dans des contenants consignés.;À Tartiner;Vente de produit alimentaire dans des bocaux consignés et accessoires zéro déchet à Mulhouse en Drive - Alsace - M2A;https//bocodrive.fr/images/epices-en-bocaux.jpg
53;1;Biscuits & Confiseries;50;0;Vos courses zéro déchets en ligne - Produit locaux, bio ou raisonnés - le tout dans des contenants consignés.;Biscuits & Confiseries;Vente de produit alimentaire dans des bocaux consignés et accessoires zéro déchet à Mulhouse en Drive - Alsace - M2A;https//bocodrive.fr/images/epices-en-bocaux.jpg
54;1;Compotes;50;0;Vos courses zéro déchets en ligne - Produit locaux, bio ou raisonnés - le tout dans des contenants consignés.;Compotes;Vente de produit alimentaire dans des bocaux consignés et accessoires zéro déchet à Mulhouse en Drive - Alsace - M2A;https//bocodrive.fr/images/epices-en-bocaux.jpg
55;1;Chocolats;50;0;Vos courses zéro déchets en ligne - Produit locaux, bio ou raisonnés - le tout dans des contenants consignés.;Chocolats;Vente de produit alimentaire dans des bocaux consignés et accessoires zéro déchet à Mulhouse en Drive - Alsace - M2A;https//bocodrive.fr/images/epices-en-bocaux.jpg
56;1;Farines, Sucres & Pâtisserie;50;0;Vos courses zéro déchets en ligne - Produit locaux, bio ou raisonnés - le tout dans des contenants consignés.;Farines, Sucres & Pâtisserie;Vente de produit alimentaire dans des bocaux consignés et accessoires zéro déchet à Mulhouse en Drive - Alsace - M2A;https//bocodrive.fr/images/epices-en-bocaux.jpg
57;1;Fruits Secs;50;0;Vos courses zéro déchets en ligne - Produit locaux, bio ou raisonnés - le tout dans des contenants consignés.;Fruits Secs;Vente de produit alimentaire dans des bocaux consignés et accessoires zéro déchet à Mulhouse en Drive - Alsace - M2A;https//bocodrive.fr/images/epices-en-bocaux.jpg
60;1;Crèmerie & Œufs;2;0;Vos courses zéro déchets en ligne - Produit locaux, bio ou raisonnés - le tout dans des contenants consignés.;Crèmerie & Œufs;Vente de produit alimentaire dans des bocaux consignés et accessoires zéro déchet à Mulhouse en Drive - Alsace - M2A;https//bocodrive.fr/images/epices-en-bocaux.jpg
70;1;Boissons;2;0;Vos courses zéro déchets en ligne - Produit locaux, bio ou raisonnés - le tout dans des contenants consignés.;Boissons;Vente de produit alimentaire dans des bocaux consignés et accessoires zéro déchet à Mulhouse en Drive - Alsace - M2A;https//bocodrive.fr/images/epices-en-bocaux.jpg
71;1;Jus & Softs;70;0;Vos courses zéro déchets en ligne - Produit locaux, bio ou raisonnés - le tout dans des contenants consignés.;Jus & Softs;Vente de produit alimentaire dans des bocaux consignés et accessoires zéro déchet à Mulhouse en Drive - Alsace - M2A;https//bocodrive.fr/images/epices-en-bocaux.jpg
72;1;Bières;70;0;Vos courses zéro déchets en ligne - Produit locaux, bio ou raisonnés - le tout dans des contenants consignés.;Bières;Vente de produit alimentaire dans des bocaux consignés et accessoires zéro déchet à Mulhouse en Drive - Alsace - M2A;https//bocodrive.fr/images/epices-en-bocaux.jpg
73;1;Vins & Bulles;70;0;Vos courses zéro déchets en ligne - Produit locaux, bio ou raisonnés - le tout dans des contenants consignés.;Vins & Bulles;Vente de produit alimentaire dans des bocaux consignés et accessoires zéro déchet à Mulhouse en Drive - Alsace - M2A;https//bocodrive.fr/images/epices-en-bocaux.jpg
74;1;Laits Végétaux;70;0;Vos courses zéro déchets en ligne - Produit locaux, bio ou raisonnés - le tout dans des contenants consignés.;Laits Végétaux;Vente de produit alimentaire dans des bocaux consignés et accessoires zéro déchet à Mulhouse en Drive - Alsace - M2A;https//bocodrive.fr/images/epices-en-bocaux.jpg
75;1;Cafés, Thés & Infusions;70;0;Vos courses zéro déchets en ligne - Produit locaux, bio ou raisonnés - le tout dans des contenants consignés.;Cafés, Thés & Infusions;Vente de produit alimentaire dans des bocaux consignés et accessoires zéro déchet à Mulhouse en Drive - Alsace - M2A;https//bocodrive.fr/images/epices-en-bocaux.jpg
90;1;Animalerie;2;0;Vos courses zéro déchets en ligne - Produit locaux, bio ou raisonnés - le tout dans des contenants consignés.;Animalerie;Vente de produit alimentaire dans des bocaux consignés et accessoires zéro déchet à Mulhouse en Drive - Alsace - M2A;https//bocodrive.fr/images/epices-en-bocaux.jpg
100;1;Cosmétiques;2;0;Vos courses zéro déchets en ligne - Produit locaux, bio ou raisonnés - le tout dans des contenants consignés.;Cosmétiques;Vente de produit alimentaire dans des bocaux consignés et accessoires zéro déchet à Mulhouse en Drive - Alsace - M2A;https//bocodrive.fr/images/epices-en-bocaux.jpg
101;1;Savons & Shampoings;100;0;Vos courses zéro déchets en ligne - Produit locaux, bio ou raisonnés - le tout dans des contenants consignés.;Savons & Shampoings;Vente de produit alimentaire dans des bocaux consignés et accessoires zéro déchet à Mulhouse en Drive - Alsace - M2A;https//bocodrive.fr/images/epices-en-bocaux.jpg
103;1; Crèmes, Huiles & Soins;100;0;Vos courses zéro déchets en ligne - Produit locaux, bio ou raisonnés - le tout dans des contenants consignés.; Crèmes, Huiles & Soins;Vente de produit alimentaire dans des bocaux consignés et accessoires zéro déchet à Mulhouse en Drive - Alsace - M2A;https//bocodrive.fr/images/epices-en-bocaux.jpg
104;1;Hygiènes;100;0;Vos courses zéro déchets en ligne - Produit locaux, bio ou raisonnés - le tout dans des contenants consignés.;Hygiènes;Vente de produit alimentaire dans des bocaux consignés et accessoires zéro déchet à Mulhouse en Drive - Alsace - M2A;https//bocodrive.fr/images/epices-en-bocaux.jpg
105;1;Le Monde de Bébé;100;0;Vos courses zéro déchets en ligne - Produit locaux, bio ou raisonnés - le tout dans des contenants consignés.;Le Monde de Bébé;Vente de produit alimentaire dans des bocaux consignés et accessoires zéro déchet à Mulhouse en Drive - Alsace - M2A;https//bocodrive.fr/images/epices-en-bocaux.jpg
110;1;Ménager;2;0;Vos courses zéro déchets en ligne - Produit locaux, bio ou raisonnés - le tout dans des contenants consignés.;Ménager;Vente de produit alimentaire dans des bocaux consignés et accessoires zéro déchet à Mulhouse en Drive - Alsace - M2A;https//bocodrive.fr/images/epices-en-bocaux.jpg
111;1;Produits Prêts à l'Emploi;110;0;Vos courses zéro déchets en ligne - Produit locaux, bio ou raisonnés - le tout dans des contenants consignés.;Produits Prêts à l'Emploi;Vente de produit alimentaire dans des bocaux consignés et accessoires zéro déchet à Mulhouse en Drive - Alsace - M2A;https//bocodrive.fr/images/epices-en-bocaux.jpg
112;1;Droguerie;110;0;Vos courses zéro déchets en ligne - Produit locaux, bio ou raisonnés - le tout dans des contenants consignés.;Droguerie;Vente de produit alimentaire dans des bocaux consignés et accessoires zéro déchet à Mulhouse en Drive - Alsace - M2A;https//bocodrive.fr/images/epices-en-bocaux.jpg
120;1;Accessoires;2;0;Vos courses zéro déchets en ligne - Produit locaux, bio ou raisonnés - le tout dans des contenants consignés.;Accessoires;Vente de produit alimentaire dans des bocaux consignés et accessoires zéro déchet à Mulhouse en Drive - Alsace - M2A;https//bocodrive.fr/images/epices-en-bocaux.jpg
121;1;Cuisines;120;0;Vos courses zéro déchets en ligne - Produit locaux, bio ou raisonnés - le tout dans des contenants consignés.;Cuisines;Vente de produit alimentaire dans des bocaux consignés et accessoires zéro déchet à Mulhouse en Drive - Alsace - M2A;https//bocodrive.fr/images/epices-en-bocaux.jpg
122;1;Salle de Bain;120;0;Vos courses zéro déchets en ligne - Produit locaux, bio ou raisonnés - le tout dans des contenants consignés.;Salle de Bain;Vente de produit alimentaire dans des bocaux consignés et accessoires zéro déchet à Mulhouse en Drive - Alsace - M2A;https//bocodrive.fr/images/epices-en-bocaux.jpg
123;1;Gourdes;120;0;Vos courses zéro déchets en ligne - Produit locaux, bio ou raisonnés - le tout dans des contenants consignés.;Gourdes;Vente de produit alimentaire dans des bocaux consignés et accessoires zéro déchet à Mulhouse en Drive - Alsace - M2A;https//bocodrive.fr/images/epices-en-bocaux.jpg
126;1;Idées Cadeaux;120;0;Vos courses zéro déchets en ligne - Produit locaux, bio ou raisonnés - le tout dans des contenants consignés.;Idées Cadeaux;Vente de produit alimentaire dans des bocaux consignés et accessoires zéro déchet à Mulhouse en Drive - Alsace - M2A;https//bocodrive.fr/images/epices-en-bocaux.jpg
106;1;Déodorants;100;0;Vos courses zéro déchets en ligne - Produit locaux, bio ou raisonnés - le tout dans des contenants consignés.;Déodorants;Vente de produit alimentaire dans des bocaux consignés et accessoires zéro déchet à Mulhouse en Drive - Alsace - M2A;https//bocodrive.fr/images/epices-en-bocaux.jpg
102;1;Hygiènes Dentaires;100;0;Vos courses zéro déchets en ligne - Produit locaux, bio ou raisonnés - le tout dans des contenants consignés.;Hygiènes Dentaires;Vente de produit alimentaire dans des bocaux consignés et accessoires zéro déchet à Mulhouse en Drive - Alsace - M2A;https//bocodrive.fr/images/epices-en-bocaux.jpg
31;1;Fruits;30;0;Vos courses zéro déchets en ligne - Produit locaux, bio ou raisonnés - le tout dans des contenants consignés.;Fruits;Vente de produit alimentaire dans des bocaux consignés et accessoires zéro déchet à Mulhouse en Drive - Alsace - M2A;https//bocodrive.fr/images/produits/fruits-et-legumes/fruits/fruits.jpg
32;1;Légumes;30;0;Vos courses zéro déchets en ligne - Produit locaux, bio ou raisonnés - le tout dans des contenants consignés.;Légumes;Vente de produit alimentaire dans des bocaux consignés et accessoires zéro déchet à Mulhouse en Drive - Alsace - M2A;https//bocodrive.fr/images/produits/fruits-et-legumes/legumes/legumes.jpg
61;1;Yaourts & Desserts;60;0;Vos courses zéro déchets en ligne - Produit locaux, bio ou raisonnés - le tout dans des contenants consignés.;Yaourts & Desserts;Vente de produit alimentaire dans des bocaux consignés et accessoires zéro déchet à Mulhouse en Drive - Alsace - M2A;https//bocodrive.fr/images/epices-en-bocaux.jpg
62;1;Lait & Œufs;60;0;Vos courses zéro déchets en ligne - Produit locaux, bio ou raisonnés - le tout dans des contenants consignés.;Lait & Œufs;Vente de produit alimentaire dans des bocaux consignés et accessoires zéro déchet à Mulhouse en Drive - Alsace - M2A;https//bocodrive.fr/images/epices-en-bocaux.jpg
63;1;Fromages;60;0;Vos courses zéro déchets en ligne - Produit locaux, bio ou raisonnés - le tout dans des contenants consignés.;Fromages;Vente de produit alimentaire dans des bocaux consignés et accessoires zéro déchet à Mulhouse en Drive - Alsace - M2A;https//bocodrive.fr/images/epices-en-bocaux.jpg
64;1;Crème & Beurre;60;0;Vos courses zéro déchets en ligne - Produit locaux, bio ou raisonnés - le tout dans des contenants consignés.;Crème & Beurre;Vente de produit alimentaire dans des bocaux consignés et accessoires zéro déchet à Mulhouse en Drive - Alsace - M2A;https//bocodrive.fr/images/epices-en-bocaux.jpg
200;1;Boulangerie;2;0;Vos courses zéro déchets en ligne - Produit locaux, bio ou raisonnés - le tout dans des contenants consignés.;Boulangerie;Vente de produit alimentaire dans des bocaux consignés et accessoires zéro déchet à Mulhouse en Drive - Alsace - M2A;https//bocodrive.fr/images/epices-en-bocaux.jpg
